1662211920474,2022-09-03 16:32:00, -1,java.net.UnknownHostException: www.google.com
1663853058548,2022-09-22 16:24:18, 200,200: OK
1663853062598,2022-09-22 16:24:22, 200,200: OK
1663853066517,2022-09-22 16:24:26, 200,200: OK
1663853070631,2022-09-22 16:24:30, 200,200: OK
1663853074499,2022-09-22 16:24:34, 200,200: OK
1663853078364,2022-09-22 16:24:38, 200,200: OK
1663853082397,2022-09-22 16:24:42, 200,200: OK
1663853086399,2022-09-22 16:24:46, 200,200: OK
1663853090477,2022-09-22 16:24:50, 200,200: OK
1663853094515,2022-09-22 16:24:54, 200,200: OK
1663853098494,2022-09-22 16:24:58, 200,200: OK
1663853102575,2022-09-22 16:25:02, 200,200: OK
1663853106607,2022-09-22 16:25:06, 200,200: OK
1663853110564,2022-09-22 16:25:10, 200,200: OK
1663853114625,2022-09-22 16:25:14, 200,200: OK
1663853118492,2022-09-22 16:25:18, 200,200: OK
1663853122589,2022-09-22 16:25:22, 200,200: OK
1663853126567,2022-09-22 16:25:26, 200,200: OK
1663853130646,2022-09-22 16:25:30, 200,200: OK
1663853134511,2022-09-22 16:25:34, 200,200: OK
1663853138462,2022-09-22 16:25:38, 200,200: OK
1663853142453,2022-09-22 16:25:42, 200,200: OK
1663853146508,2022-09-22 16:25:46, 200,200: OK
1663853150538,2022-09-22 16:25:50, 200,200: OK
1663853154551,2022-09-22 16:25:54, 200,200: OK
1663853158587,2022-09-22 16:25:58, 200,200: OK
1663853162671,2022-09-22 16:26:02, 200,200: OK
1663853166721,2022-09-22 16:26:06, 200,200: OK
1663853170798,2022-09-22 16:26:10, 200,200: OK
1663853174807,2022-09-22 16:26:14, 200,200: OK
1663853178819,2022-09-22 16:26:18, 200,200: OK
1663853182864,2022-09-22 16:26:22, 200,200: OK
1663853186795,2022-09-22 16:26:26, 200,200: OK
1663853190824,2022-09-22 16:26:30, 200,200: OK
1663853194684,2022-09-22 16:26:34, 200,200: OK
1663853198601,2022-09-22 16:26:38, 200,200: OK
1663853202586,2022-09-22 16:26:42, 200,200: OK
1663853206515,2022-09-22 16:26:46, 200,200: OK
1663853210498,2022-09-22 16:26:50, 200,200: OK
1663853214509,2022-09-22 16:26:54, 200,200: OK
1663853218529,2022-09-22 16:26:58, 200,200: OK
1663853222406,2022-09-22 16:27:02, 200,200: OK
1663853226365,2022-09-22 16:27:06, 200,200: OK
1663853230219,2022-09-22 16:27:10, 200,200: OK
1663853234135,2022-09-22 16:27:14, 200,200: OK
1663853238018,2022-09-22 16:27:18, 200,200: OK
1663853242190,2022-09-22 16:27:22, 200,200: OK
1663853246049,2022-09-22 16:27:26, 200,200: OK
1663853250106,2022-09-22 16:27:30, 200,200: OK
1663853253979,2022-09-22 16:27:33, 200,200: OK
1663853258060,2022-09-22 16:27:38, 200,200: OK
1663853262304,2022-09-22 16:27:42, 200,200: OK
1663853266242,2022-09-22 16:27:46, 200,200: OK
1663853270099,2022-09-22 16:27:50, 200,200: OK
1663853274090,2022-09-22 16:27:54, 200,200: OK
1663853278106,2022-09-22 16:27:58, 200,200: OK
1663853282559,2022-09-22 16:28:02, 200,200: OK
1663853286749,2022-09-22 16:28:06, 200,200: OK
1663853290584,2022-09-22 16:28:10, 200,200: OK
1663853294444,2022-09-22 16:28:14, 200,200: OK
1663853298292,2022-09-22 16:28:18, 200,200: OK
1663853302310,2022-09-22 16:28:22, 200,200: OK
1663853306120,2022-09-22 16:28:26, 200,200: OK
1663853310038,2022-09-22 16:28:30, 200,200: OK
1663853313969,2022-09-22 16:28:33, 200,200: OK
1663853317851,2022-09-22 16:28:37, 200,200: OK
1663853322088,2022-09-22 16:28:42, 200,200: OK
1663853325938,2022-09-22 16:28:45, 200,200: OK
1663853329731,2022-09-22 16:28:49, 200,200: OK
1663853333633,2022-09-22 16:28:53, 200,200: OK
1663853337544,2022-09-22 16:28:57, 200,200: OK
1663853341411,2022-09-22 16:29:01, 200,200: OK
1663853345842,2022-09-22 16:29:05, 200,200: OK
1663853349758,2022-09-22 16:29:09, 200,200: OK
1663853353342,2022-09-22 16:29:13, 200,200: OK
1663853356969,2022-09-22 16:29:16, 200,200: OK
1663853360591,2022-09-22 16:29:20, 200,200: OK
1663853364212,2022-09-22 16:29:24, 200,200: OK
1663853367742,2022-09-22 16:29:27, 200,200: OK
1663853371378,2022-09-22 16:29:31, 200,200: OK
1663853374889,2022-09-22 16:29:34, 200,200: OK
1663853378407,2022-09-22 16:29:38, 200,200: OK
1663853382029,2022-09-22 16:29:42, 200,200: OK
1663853385734,2022-09-22 16:29:45, 200,200: OK
1663853389731,2022-09-22 16:29:49, 200,200: OK
1663853393474,2022-09-22 16:29:53, 200,200: OK
1663853397172,2022-09-22 16:29:57, 200,200: OK
1663853400725,2022-09-22 16:30:00, 200,200: OK
1663853404419,2022-09-22 16:30:04, 200,200: OK
1663853408173,2022-09-22 16:30:08, 200,200: OK
1663853411696,2022-09-22 16:30:11, 200,200: OK
1663853415426,2022-09-22 16:30:15, 200,200: OK
1663853419018,2022-09-22 16:30:19, 200,200: OK
1663853422507,2022-09-22 16:30:22, 200,200: OK
1663853426352,2022-09-22 16:30:26, 200,200: OK
1663853429931,2022-09-22 16:30:29, 200,200: OK
1663853433501,2022-09-22 16:30:33, 200,200: OK
1663853437002,2022-09-22 16:30:37, 200,200: OK
1663853440719,2022-09-22 16:30:40, 200,200: OK
1663853444226,2022-09-22 16:30:44, 200,200: OK
1663853447767,2022-09-22 16:30:47, 200,200: OK
1663853451350,2022-09-22 16:30:51, 200,200: OK
1663853455032,2022-09-22 16:30:55, 200,200: OK
1663853458776,2022-09-22 16:30:58, 200,200: OK
1663853462432,2022-09-22 16:31:02, 200,200: OK
1663853465968,2022-09-22 16:31:05, 200,200: OK
1663853469598,2022-09-22 16:31:09, 200,200: OK
1663853473401,2022-09-22 16:31:13, 200,200: OK
1663853476995,2022-09-22 16:31:16, 200,200: OK
1663853480569,2022-09-22 16:31:20, 200,200: OK
1663853484431,2022-09-22 16:31:24, 200,200: OK
1663853488377,2022-09-22 16:31:28, 200,200: OK
1663853492075,2022-09-22 16:31:32, 200,200: OK
1663853496218,2022-09-22 16:31:36, 200,200: OK
1663853499962,2022-09-22 16:31:39, 200,200: OK
1663853503695,2022-09-22 16:31:43, 200,200: OK
1663853507473,2022-09-22 16:31:47, 200,200: OK
1663853511077,2022-09-22 16:31:51, 200,200: OK
1663853514826,2022-09-22 16:31:54, 200,200: OK
1663853518873,2022-09-22 16:31:58, 200,200: OK
1663853522546,2022-09-22 16:32:02, 200,200: OK
1663853526150,2022-09-22 16:32:06, 200,200: OK
1663853529853,2022-09-22 16:32:09, 200,200: OK
1663853533390,2022-09-22 16:32:13, 200,200: OK
1663853536939,2022-09-22 16:32:16, 200,200: OK
1663853541297,2022-09-22 16:32:21, 200,200: OK
1663853545106,2022-09-22 16:32:25, 200,200: OK
1663853548589,2022-09-22 16:32:28, 200,200: OK
1663853552164,2022-09-22 16:32:32, 200,200: OK
1663853555864,2022-09-22 16:32:35, 200,200: OK
1663853559486,2022-09-22 16:32:39, 200,200: OK
1663853563097,2022-09-22 16:32:43, 200,200: OK
1663853889096,2022-09-22 16:38:09, 200,200: OK
1663853893289,2022-09-22 16:38:13, 200,200: OK
1663853897727,2022-09-22 16:38:17, 200,200: OK
1663853901699,2022-09-22 16:38:21, 200,200: OK
1663853905723,2022-09-22 16:38:25, 200,200: OK
1663853910673,2022-09-22 16:38:30, 200,200: OK
1663853914896,2022-09-22 16:38:34, 200,200: OK
1663853918922,2022-09-22 16:38:38, 200,200: OK
1663853923110,2022-09-22 16:38:43, 200,200: OK
1663853927182,2022-09-22 16:38:47, 200,200: OK
1663853931032,2022-09-22 16:38:51, 200,200: OK
1663853935152,2022-09-22 16:38:55, 200,200: OK
1663853940103,2022-09-22 16:39:00, 200,200: OK
1663853944226,2022-09-22 16:39:04, 200,200: OK
1663853948126,2022-09-22 16:39:08, 200,200: OK
1663853952221,2022-09-22 16:39:12, 200,200: OK
1663853956399,2022-09-22 16:39:16, 200,200: OK
1663853960903,2022-09-22 16:39:20, 200,200: OK
1663853964981,2022-09-22 16:39:24, 200,200: OK
1663853969049,2022-09-22 16:39:29, 200,200: OK
1663853973914,2022-09-22 16:39:33, 200,200: OK
1663853977986,2022-09-22 16:39:37, 200,200: OK
1663853982041,2022-09-22 16:39:42, 200,200: OK
1663853986101,2022-09-22 16:39:46, 200,200: OK
1663853990145,2022-09-22 16:39:50, 200,200: OK
1663853994093,2022-09-22 16:39:54, 200,200: OK
1663853998039,2022-09-22 16:39:58, 200,200: OK
1663854001947,2022-09-22 16:40:01, 200,200: OK
1663854006013,2022-09-22 16:40:06, 200,200: OK
1663854010458,2022-09-22 16:40:10, 200,200: OK
1663854014528,2022-09-22 16:40:14, 200,200: OK
1663854019579,2022-09-22 16:40:19, 200,200: OK
1663854024107,2022-09-22 16:40:24, 200,200: OK
1663854028206,2022-09-22 16:40:28, 200,200: OK
1663854032541,2022-09-22 16:40:32, 200,200: OK
1663854036593,2022-09-22 16:40:36, 200,200: OK
1663854041075,2022-09-22 16:40:41, 200,200: OK
1663854045004,2022-09-22 16:40:45, 200,200: OK
1663854049924,2022-09-22 16:40:49, 200,200: OK
1663854054753,2022-09-22 16:40:54, 200,200: OK
1663854058853,2022-09-22 16:40:58, 200,200: OK
1663854062940,2022-09-22 16:41:02, 200,200: OK
1663854066916,2022-09-22 16:41:06, 200,200: OK
1663854070978,2022-09-22 16:41:10, 200,200: OK
1663854075054,2022-09-22 16:41:15, 200,200: OK
1663854079159,2022-09-22 16:41:19, 200,200: OK
1663854084238,2022-09-22 16:41:24, 200,200: OK
1663854088303,2022-09-22 16:41:28, 200,200: OK
1663854093274,2022-09-22 16:41:33, 200,200: OK
1663854097634,2022-09-22 16:41:37, 200,200: OK
1663854101655,2022-09-22 16:41:41, 200,200: OK
1663854107620,2022-09-22 16:41:47, 200,200: OK
1663854113196,2022-09-22 16:41:53, 200,200: OK
1663854118161,2022-09-22 16:41:58, 200,200: OK
1663854123168,2022-09-22 16:42:03, 200,200: OK
1663854127573,2022-09-22 16:42:07, 200,200: OK
1663854131603,2022-09-22 16:42:11, 200,200: OK
1663854135619,2022-09-22 16:42:15, 200,200: OK
1663854139506,2022-09-22 16:42:19, 200,200: OK
1663854143609,2022-09-22 16:42:23, 200,200: OK
1663854147674,2022-09-22 16:42:27, 200,200: OK
1663854151769,2022-09-22 16:42:31, 200,200: OK
1663854155736,2022-09-22 16:42:35, 200,200: OK
1663854159834,2022-09-22 16:42:39, 200,200: OK
1663854163917,2022-09-22 16:42:43, 200,200: OK
1663854168026,2022-09-22 16:42:48, 200,200: OK
1663854172065,2022-09-22 16:42:52, 200,200: OK
1663854176134,2022-09-22 16:42:56, 200,200: OK
1663854180145,2022-09-22 16:43:00, 200,200: OK
1663854185288,2022-09-22 16:43:05, 200,200: OK
1663854189732,2022-09-22 16:43:09, 200,200: OK
1663854193783,2022-09-22 16:43:13, 200,200: OK
1663854197938,2022-09-22 16:43:17, 200,200: OK
1663854201967,2022-09-22 16:43:21, 200,200: OK
1663854206043,2022-09-22 16:43:26, 200,200: OK
1663854210453,2022-09-22 16:43:30, 200,200: OK
1663854214513,2022-09-22 16:43:34, 200,200: OK
1663854218444,2022-09-22 16:43:38, 200,200: OK
1663854223515,2022-09-22 16:43:43, 200,200: OK
1663854227527,2022-09-22 16:43:47, 200,200: OK
1663854231641,2022-09-22 16:43:51, 200,200: OK
1663854235601,2022-09-22 16:43:55, 200,200: OK
1663854240626,2022-09-22 16:44:00, 200,200: OK
1663854245043,2022-09-22 16:44:05, 200,200: OK
1663854248953,2022-09-22 16:44:08, 200,200: OK
1663854254146,2022-09-22 16:44:14, 200,200: OK
1663854257926,2022-09-22 16:44:17, 200,200: OK
1663854261706,2022-09-22 16:44:21, 200,200: OK
1663854265487,2022-09-22 16:44:25, 200,200: OK
1663854269895,2022-09-22 16:44:29, 200,200: OK
1663854273672,2022-09-22 16:44:33, 200,200: OK
1663854277695,2022-09-22 16:44:37, 200,200: OK
1663854281314,2022-09-22 16:44:41, 200,200: OK
1663854285368,2022-09-22 16:44:45, 200,200: OK
1663854289067,2022-09-22 16:44:49, 200,200: OK
1663854293105,2022-09-22 16:44:53, 200,200: OK
1663854297647,2022-09-22 16:44:57, 200,200: OK
1663854301753,2022-09-22 16:45:01, 200,200: OK
1663854306203,2022-09-22 16:45:06, 200,200: OK
1663854310038,2022-09-22 16:45:10, 200,200: OK
1663854313765,2022-09-22 16:45:13, 200,200: OK
1663854318898,2022-09-22 16:45:18, 200,200: OK
1663854322552,2022-09-22 16:45:22, 200,200: OK
1663854326596,2022-09-22 16:45:26, 200,200: OK
1663854332007,2022-09-22 16:45:32, 200,200: OK
1663854335714,2022-09-22 16:45:35, 200,200: OK
1663854339421,2022-09-22 16:45:39, 200,200: OK
1663854343487,2022-09-22 16:45:43, 200,200: OK
1663854347624,2022-09-22 16:45:47, 200,200: OK
1663854352632,2022-09-22 16:45:52, 200,200: OK
1663854357531,2022-09-22 16:45:57, 200,200: OK
1663854362407,2022-09-22 16:46:02, 200,200: OK
1663854368134,2022-09-22 16:46:08, 200,200: OK
1663854371944,2022-09-22 16:46:11, 200,200: OK
1663854376263,2022-09-22 16:46:16, 200,200: OK
1663854380940,2022-09-22 16:46:20, 200,200: OK
1663854384830,2022-09-22 16:46:24, 200,200: OK
1663854390039,2022-09-22 16:46:30, 200,200: OK
1663854394548,2022-09-22 16:46:34, 200,200: OK
1663854398532,2022-09-22 16:46:38, 200,200: OK
1663854402369,2022-09-22 16:46:42, 200,200: OK
1663854406590,2022-09-22 16:46:46, 200,200: OK
1663854411323,2022-09-22 16:46:51, 200,200: OK
1663854415033,2022-09-22 16:46:55, 200,200: OK
1663854418697,2022-09-22 16:46:58, 200,200: OK
1663854423351,2022-09-22 16:47:03, 200,200: OK
1663854426974,2022-09-22 16:47:06, 200,200: OK
1663854430746,2022-09-22 16:47:10, 200,200: OK
1663854434729,2022-09-22 16:47:14, 200,200: OK
1663854438685,2022-09-22 16:47:18, 200,200: OK
1663854442433,2022-09-22 16:47:22, 200,200: OK
1663854446195,2022-09-22 16:47:26, 200,200: OK
1663854450283,2022-09-22 16:47:30, 200,200: OK
1663854453942,2022-09-22 16:47:33, 200,200: OK
1663854457703,2022-09-22 16:47:37, 200,200: OK
1663854461308,2022-09-22 16:47:41, 200,200: OK
1663854465014,2022-09-22 16:47:45, 200,200: OK
1663854468741,2022-09-22 16:47:48, 200,200: OK
1663854472721,2022-09-22 16:47:52, 200,200: OK
1663854476445,2022-09-22 16:47:56, 200,200: OK
1663854480432,2022-09-22 16:48:00, 200,200: OK
1663854484156,2022-09-22 16:48:04, 200,200: OK
1663854487959,2022-09-22 16:48:07, 200,200: OK
1663854491736,2022-09-22 16:48:11, 200,200: OK
1663854495395,2022-09-22 16:48:15, 200,200: OK
1663854499185,2022-09-22 16:48:19, 200,200: OK
1663854506068,2022-09-22 16:48:26, 200,200: OK
1663854509843,2022-09-22 16:48:29, 200,200: OK
1663854513517,2022-09-22 16:48:33, 200,200: OK
1663854517210,2022-09-22 16:48:37, 200,200: OK
1663854520937,2022-09-22 16:48:40, 200,200: OK
1663854524716,2022-09-22 16:48:44, 200,200: OK
1663854528436,2022-09-22 16:48:48, 200,200: OK
1663854532472,2022-09-22 16:48:52, 200,200: OK
1663854536614,2022-09-22 16:48:56, 200,200: OK
1663854540942,2022-09-22 16:49:00, 200,200: OK
1663854545632,2022-09-22 16:49:05, 200,200: OK
1663854549618,2022-09-22 16:49:09, 200,200: OK
1663854554379,2022-09-22 16:49:14, 200,200: OK
1663854558473,2022-09-22 16:49:18, 200,200: OK
1663854562539,2022-09-22 16:49:22, 200,200: OK
1663854566630,2022-09-22 16:49:26, 200,200: OK
1663854570996,2022-09-22 16:49:30, 200,200: OK
1663854575130,2022-09-22 16:49:35, 200,200: OK
1663854580070,2022-09-22 16:49:40, 200,200: OK
1663854584004,2022-09-22 16:49:44, 200,200: OK
1663854588111,2022-09-22 16:49:48, 200,200: OK
1663854592161,2022-09-22 16:49:52, 200,200: OK
1663854597923,2022-09-22 16:49:57, 200,200: OK
1663854601971,2022-09-22 16:50:01, 200,200: OK
1663854605967,2022-09-22 16:50:05, 200,200: OK
1663854609923,2022-09-22 16:50:09, 200,200: OK
1663854617679,2022-09-22 16:50:17, 200,200: OK
1663854622935,2022-09-22 16:50:22, 200,200: OK
1663854629241,2022-09-22 16:50:29, 200,200: OK
1663854639647,2022-09-22 16:50:39, 200,200: OK
1663854643952,2022-09-22 16:50:43, 200,200: OK
1663854648924,2022-09-22 16:50:48, 200,200: OK
1663854653225,2022-09-22 16:50:53, 200,200: OK
1663854657539,2022-09-22 16:50:57, 200,200: OK
1663854661520,2022-09-22 16:51:01, 200,200: OK
1663854665511,2022-09-22 16:51:05, 200,200: OK
1663854669436,2022-09-22 16:51:09, 200,200: OK
1663854673833,2022-09-22 16:51:13, 200,200: OK
1663854678811,2022-09-22 16:51:18, 200,200: OK
1663854682821,2022-09-22 16:51:22, 200,200: OK
1663854687210,2022-09-22 16:51:27, 200,200: OK
1663854692098,2022-09-22 16:51:32, 200,200: OK
1663854696128,2022-09-22 16:51:36, 200,200: OK
1663854700331,2022-09-22 16:51:40, 200,200: OK
1663854704494,2022-09-22 16:51:44, 200,200: OK
1663854708589,2022-09-22 16:51:48, 200,200: OK
1663854715926,2022-09-22 16:51:55, 200,200: OK
1663854723048,2022-09-22 16:52:03, 200,200: OK
1663854727907,2022-09-22 16:52:07, 200,200: OK
1663854731993,2022-09-22 16:52:11, 200,200: OK
1663854736096,2022-09-22 16:52:16, 200,200: OK
1663854740125,2022-09-22 16:52:20, 200,200: OK
1663854745982,2022-09-22 16:52:25, 200,200: OK
1663854750908,2022-09-22 16:52:30, 200,200: OK
1663854754993,2022-09-22 16:52:34, 200,200: OK
1663854759888,2022-09-22 16:52:39, 200,200: OK
1663854764187,2022-09-22 16:52:44, 200,200: OK
1663854769124,2022-09-22 16:52:49, 200,200: OK
1663854773511,2022-09-22 16:52:53, 200,200: OK
1663854781211,2022-09-22 16:53:01, 200,200: OK
1663854785259,2022-09-22 16:53:05, 200,200: OK
1663854789339,2022-09-22 16:53:09, 200,200: OK
1663854793265,2022-09-22 16:53:13, 200,200: OK
1663854797627,2022-09-22 16:53:17, 200,200: OK
1663854801643,2022-09-22 16:53:21, 200,200: OK
1663854806064,2022-09-22 16:53:26, 200,200: OK
1663854810500,2022-09-22 16:53:30, 200,200: OK
1663854814620,2022-09-22 16:53:34, 200,200: OK
1663854818708,2022-09-22 16:53:38, 200,200: OK
1663854822935,2022-09-22 16:53:42, 200,200: OK
1663854827644,2022-09-22 16:53:47, 200,200: OK
1663854831748,2022-09-22 16:53:51, 200,200: OK
1663854835475,2022-09-22 16:53:55, 200,200: OK
1663854839626,2022-09-22 16:53:59, 200,200: OK
1663854843563,2022-09-22 16:54:03, 200,200: OK
1663854847756,2022-09-22 16:54:07, 200,200: OK
1663854857501,2022-09-22 16:54:17, 200,200: OK
1663854862034,2022-09-22 16:54:22, 200,200: OK
1663854865868,2022-09-22 16:54:25, 200,200: OK
1663854870444,2022-09-22 16:54:30, 200,200: OK
1663854874209,2022-09-22 16:54:34, 200,200: OK
1663854877997,2022-09-22 16:54:37, 200,200: OK
1663854882502,2022-09-22 16:54:42, 200,200: OK
1663854886930,2022-09-22 16:54:46, 200,200: OK
1663854896170,2022-09-22 16:54:56, 200,200: OK
1663854901363,2022-09-22 16:55:01, 200,200: OK
1663854905230,2022-09-22 16:55:05, 200,200: OK
1663854909930,2022-09-22 16:55:09, 200,200: OK
1663854913750,2022-09-22 16:55:13, 200,200: OK
1663854917527,2022-09-22 16:55:17, 200,200: OK
1663854923005,2022-09-22 16:55:23, 200,200: OK
1663854927525,2022-09-22 16:55:27, 200,200: OK
1663854931356,2022-09-22 16:55:31, 200,200: OK
1663854935211,2022-09-22 16:55:35, 200,200: OK
1663854939021,2022-09-22 16:55:39, 200,200: OK
1663854943979,2022-09-22 16:55:43, 200,200: OK
1663854948322,2022-09-22 16:55:48, 200,200: OK
1663854952426,2022-09-22 16:55:52, 200,200: OK
1663854962378,2022-09-22 16:56:02, 200,200: OK
1663854966558,2022-09-22 16:56:06, 200,200: OK
1663854970358,2022-09-22 16:56:10, 200,200: OK
1663854974486,2022-09-22 16:56:14, 200,200: OK
1663854978314,2022-09-22 16:56:18, 200,200: OK
1663854982483,2022-09-22 16:56:22, 200,200: OK
1663854987031,2022-09-22 16:56:27, 200,200: OK
1663854991725,2022-09-22 16:56:31, 200,200: OK
1663854995555,2022-09-22 16:56:35, 200,200: OK
1663854999379,2022-09-22 16:56:39, 200,200: OK
1663855003228,2022-09-22 16:56:43, 200,200: OK
1663855007032,2022-09-22 16:56:47, 200,200: OK
1663855011142,2022-09-22 16:56:51, 200,200: OK
1663855016355,2022-09-22 16:56:56, 200,200: OK
1663855020056,2022-09-22 16:57:00, 200,200: OK
1663855024655,2022-09-22 16:57:04, 200,200: OK
1663855028479,2022-09-22 16:57:08, 200,200: OK
1663855032308,2022-09-22 16:57:12, 200,200: OK
1663855037124,2022-09-22 16:57:17, 200,200: OK
1663855041654,2022-09-22 16:57:21, 200,200: OK
1663855045784,2022-09-22 16:57:25, 200,200: OK
1663855049562,2022-09-22 16:57:29, 200,200: OK
1663855054794,2022-09-22 16:57:34, 200,200: OK
1663855062079,2022-09-22 16:57:42, 200,200: OK
1663855065832,2022-09-22 16:57:45, 200,200: OK
1663855069875,2022-09-22 16:57:49, 200,200: OK
1663855073724,2022-09-22 16:57:53, 200,200: OK
1663855078576,2022-09-22 16:57:58, 200,200: OK
1663855082455,2022-09-22 16:58:02, 200,200: OK
1663855087669,2022-09-22 16:58:07, 200,200: OK
1663855091354,2022-09-22 16:58:11, 200,200: OK
1663855095502,2022-09-22 16:58:15, 200,200: OK
1663855099921,2022-09-22 16:58:19, 200,200: OK
1663855104635,2022-09-22 16:58:24, 200,200: OK
1663855109562,2022-09-22 16:58:29, 200,200: OK
1663855113366,2022-09-22 16:58:33, 200,200: OK
1663855117500,2022-09-22 16:58:37, 200,200: OK
1663855121314,2022-09-22 16:58:41, 200,200: OK
1663855125470,2022-09-22 16:58:45, 200,200: OK
1663855130971,2022-09-22 16:58:50, 200,200: OK
1663855134956,2022-09-22 16:58:54, 200,200: OK
1663855138797,2022-09-22 16:58:58, 200,200: OK
1663855142950,2022-09-22 16:59:02, 200,200: OK
1663855146757,2022-09-22 16:59:06, 200,200: OK
1663855150894,2022-09-22 16:59:10, 200,200: OK
1663855155502,2022-09-22 16:59:15, 200,200: OK
1663855160299,2022-09-22 16:59:20, 200,200: OK
1663855165363,2022-09-22 16:59:25, 200,200: OK
1663855172017,2022-09-22 16:59:32, 200,200: OK
1663855176008,2022-09-22 16:59:36, 200,200: OK
1663855179809,2022-09-22 16:59:39, 200,200: OK
1663855183613,2022-09-22 16:59:43, 200,200: OK
1663855188117,2022-09-22 16:59:48, 200,200: OK
1663855192856,2022-09-22 16:59:52, 200,200: OK
1663855197631,2022-09-22 16:59:57, 200,200: OK
1663855201580,2022-09-22 17:00:01, 200,200: OK
1663855205491,2022-09-22 17:00:05, 200,200: OK
1663855209523,2022-09-22 17:00:09, 200,200: OK
1663855213937,2022-09-22 17:00:13, 200,200: OK
1663855218082,2022-09-22 17:00:18, 200,200: OK
1663855222193,2022-09-22 17:00:22, 200,200: OK
1663855229138,2022-09-22 17:00:29, 200,200: OK
1663855233194,2022-09-22 17:00:33, 200,200: OK
1663855238319,2022-09-22 17:00:38, 200,200: OK
1663855243103,2022-09-22 17:00:43, 200,200: OK
1663855248325,2022-09-22 17:00:48, 200,200: OK
1663855253517,2022-09-22 17:00:53, 200,200: OK
1663855259282,2022-09-22 17:00:59, 200,200: OK
1663855264419,2022-09-22 17:01:04, 200,200: OK
1663855268258,2022-09-22 17:01:08, 200,200: OK
1663855272089,2022-09-22 17:01:12, 200,200: OK
1663855278403,2022-09-22 17:01:18, 200,200: OK
1663855285817,2022-09-22 17:01:25, 200,200: OK
1663855290916,2022-09-22 17:01:30, 200,200: OK
1663855294752,2022-09-22 17:01:34, 200,200: OK
1663855298833,2022-09-22 17:01:38, 200,200: OK
1663855305215,2022-09-22 17:01:45, 200,200: OK
1663855309059,2022-09-22 17:01:49, 200,200: OK
1663855313999,2022-09-22 17:01:53, 200,200: OK
1663855318335,2022-09-22 17:01:58, 200,200: OK
1663855323212,2022-09-22 17:02:03, 200,200: OK
1663855331505,2022-09-22 17:02:11, 200,200: OK
1663855335669,2022-09-22 17:02:15, 200,200: OK
1663855341644,2022-09-22 17:02:21, 200,200: OK
1663855345570,2022-09-22 17:02:25, 200,200: OK
1663855351418,2022-09-22 17:02:31, 200,200: OK
1663855355326,2022-09-22 17:02:35, 200,200: OK
1663855359083,2022-09-22 17:02:39, 200,200: OK
1663855368742,2022-09-22 17:02:48, 200,200: OK
1663855372730,2022-09-22 17:02:52, 200,200: OK
1663855376935,2022-09-22 17:02:56, 200,200: OK
1663855384509,2022-09-22 17:03:04, 200,200: OK
1663855388663,2022-09-22 17:03:08, 200,200: OK
1663855392875,2022-09-22 17:03:12, 200,200: OK
1663855397562,2022-09-22 17:03:17, 200,200: OK
1663855402118,2022-09-22 17:03:22, 200,200: OK
1663855406169,2022-09-22 17:03:26, 200,200: OK
1663855409969,2022-09-22 17:03:29, 200,200: OK
1663855415239,2022-09-22 17:03:35, 200,200: OK
1663855422166,2022-09-22 17:03:42, 200,200: OK
1663855426638,2022-09-22 17:03:46, 200,200: OK
1663855432325,2022-09-22 17:03:52, 200,200: OK
1663855437202,2022-09-22 17:03:57, 200,200: OK
1663855442094,2022-09-22 17:04:02, 200,200: OK
1663855447278,2022-09-22 17:04:07, 200,200: OK
1663855451102,2022-09-22 17:04:11, 200,200: OK
1663855456786,2022-09-22 17:04:16, 200,200: OK
1663855461367,2022-09-22 17:04:21, 200,200: OK
1663855468903,2022-09-22 17:04:28, 200,200: OK
1663855473283,2022-09-22 17:04:33, 200,200: OK
1663855478503,2022-09-22 17:04:38, 200,200: OK
1663855483773,2022-09-22 17:04:43, 200,200: OK
1663855489405,2022-09-22 17:04:49, 200,200: OK
1663855493228,2022-09-22 17:04:53, 200,200: OK
1663855500946,2022-09-22 17:05:00, 200,200: OK
1663855511020,2022-09-22 17:05:11, 200,200: OK
1663855515934,2022-09-22 17:05:15, 200,200: OK
1663855520091,2022-09-22 17:05:20, 200,200: OK
1663855523911,2022-09-22 17:05:23, 200,200: OK
1663855527745,2022-09-22 17:05:27, 200,200: OK
1663855532542,2022-09-22 17:05:32, 200,200: OK
1663855536300,2022-09-22 17:05:36, 200,200: OK
1663855542030,2022-09-22 17:05:42, 200,200: OK
1663855546090,2022-09-22 17:05:46, 200,200: OK
1663855550470,2022-09-22 17:05:50, 200,200: OK
1663855554396,2022-09-22 17:05:54, 200,200: OK
1663855560144,2022-09-22 17:06:00, 200,200: OK
1663855564763,2022-09-22 17:06:04, 200,200: OK
1663855620201,2022-09-22 17:07:00, 200,200: OK
1663855624564,2022-09-22 17:07:04, 200,200: OK
1663855629389,2022-09-22 17:07:09, 200,200: OK
1663855634295,2022-09-22 17:07:14, 200,200: OK
1663855638351,2022-09-22 17:07:18, 200,200: OK
1663855642172,2022-09-22 17:07:22, 200,200: OK
1663855646761,2022-09-22 17:07:26, 200,200: OK
1663855651921,2022-09-22 17:07:31, 200,200: OK
1663855655731,2022-09-22 17:07:35, 200,200: OK
1663855661260,2022-09-22 17:07:41, 200,200: OK
1663855667197,2022-09-22 17:07:47, 200,200: OK
1663855671998,2022-09-22 17:07:51, 200,200: OK
1663855676880,2022-09-22 17:07:56, 200,200: OK
1663855682100,2022-09-22 17:08:02, 200,200: OK
1663855686563,2022-09-22 17:08:06, 200,200: OK
1663855693377,2022-09-22 17:08:13, 200,200: OK
1663855697792,2022-09-22 17:08:17, 200,200: OK
1663855702797,2022-09-22 17:08:22, 200,200: OK
1663855708395,2022-09-22 17:08:28, 200,200: OK
1663855713296,2022-09-22 17:08:33, 200,200: OK
1663855717569,2022-09-22 17:08:37, 200,200: OK
1663855721667,2022-09-22 17:08:41, 200,200: OK
1663855725562,2022-09-22 17:08:45, 200,200: OK
1663855729687,2022-09-22 17:08:49, 200,200: OK
1663855733818,2022-09-22 17:08:53, 200,200: OK
1663855738790,2022-09-22 17:08:58, 200,200: OK
1663855743690,2022-09-22 17:09:03, 200,200: OK
1663855747738,2022-09-22 17:09:07, 200,200: OK
1663855751544,2022-09-22 17:09:11, 200,200: OK
1663855756223,2022-09-22 17:09:16, 200,200: OK
1663855766678,2022-09-22 17:09:26, 200,200: OK
1663855770523,2022-09-22 17:09:30, 200,200: OK
1663855774324,2022-09-22 17:09:34, 200,200: OK
1663855780309,2022-09-22 17:09:40, 200,200: OK
1663855788023,2022-09-22 17:09:48, 200,200: OK
1663855791635,2022-09-22 17:09:51, 200,200: OK
1663855795396,2022-09-22 17:09:55, 200,200: OK
1663855799188,2022-09-22 17:09:59, 200,200: OK
1663855802966,2022-09-22 17:10:02, 200,200: OK
1663855806728,2022-09-22 17:10:06, 200,200: OK
1663855810577,2022-09-22 17:10:10, 200,200: OK
1663855814938,2022-09-22 17:10:14, 200,200: OK
1663855818808,2022-09-22 17:10:18, 200,200: OK
1663855822587,2022-09-22 17:10:22, 200,200: OK
1663855826401,2022-09-22 17:10:26, 200,200: OK
1663855830127,2022-09-22 17:10:30, 200,200: OK
1663855833894,2022-09-22 17:10:33, 200,200: OK
1663855838042,2022-09-22 17:10:38, 200,200: OK
1663855841927,2022-09-22 17:10:41, 200,200: OK
1663855845733,2022-09-22 17:10:45, 200,200: OK
1663855849580,2022-09-22 17:10:49, 200,200: OK
1663855853138,2022-09-22 17:10:53, 200,200: OK
1663855857642,2022-09-22 17:10:57, 200,200: OK
1663855861791,2022-09-22 17:11:01, 200,200: OK
1663855865639,2022-09-22 17:11:05, 200,200: OK
1663855871185,2022-09-22 17:11:11, 200,200: OK
1663855874910,2022-09-22 17:11:14, 200,200: OK
1663855879662,2022-09-22 17:11:19, 200,200: OK
1663855883537,2022-09-22 17:11:23, 200,200: OK
1663855887248,2022-09-22 17:11:27, 200,200: OK
1663855891265,2022-09-22 17:11:31, 200,200: OK
1663855965903,2022-09-22 17:12:45, 200,200: OK
1663855977749,2022-09-22 17:12:57, 200,200: OK
1663855983080,2022-09-22 17:13:03, 200,200: OK
1663855989060,2022-09-22 17:13:09, 200,200: OK
1663855995783,2022-09-22 17:13:15, 200,200: OK
1663856002155,2022-09-22 17:13:22, 200,200: OK
1663856008176,2022-09-22 17:13:28, 200,200: OK
1663856012131,2022-09-22 17:13:32, 200,200: OK
1663856015907,2022-09-22 17:13:35, 200,200: OK
1663856023096,2022-09-22 17:13:43, 200,200: OK
1663856029308,2022-09-22 17:13:49, 200,200: OK
1663856035883,2022-09-22 17:13:55, 200,200: OK
1663856045174,2022-09-22 17:14:05, 200,200: OK
1663856049085,2022-09-22 17:14:09, 200,200: OK
1663856052875,2022-09-22 17:14:12, 200,200: OK
1663856056767,2022-09-22 17:14:16, 200,200: OK
1663856060628,2022-09-22 17:14:20, 200,200: OK
1663856064491,2022-09-22 17:14:24, 200,200: OK
1663856068338,2022-09-22 17:14:28, 200,200: OK
1663856073218,2022-09-22 17:14:33, 200,200: OK
1663856077112,2022-09-22 17:14:37, 200,200: OK
1663856081207,2022-09-22 17:14:41, 200,200: OK
1663856085181,2022-09-22 17:14:45, 200,200: OK
1663856089258,2022-09-22 17:14:49, 200,200: OK
1663856101417,2022-09-22 17:15:01, 200,200: OK
1663856106520,2022-09-22 17:15:06, 200,200: OK
1663856111664,2022-09-22 17:15:11, 200,200: OK
1663856116759,2022-09-22 17:15:16, 200,200: OK
1663856120700,2022-09-22 17:15:20, 200,200: OK
1663856125878,2022-09-22 17:15:25, 200,200: OK
1663856137047,2022-09-22 17:15:37, 200,200: OK
1663856141327,2022-09-22 17:15:41, 200,200: OK
1663856145212,2022-09-22 17:15:45, 200,200: OK
1663856148999,2022-09-22 17:15:48, 200,200: OK
1663856152869,2022-09-22 17:15:52, 200,200: OK
1663856156871,2022-09-22 17:15:56, 200,200: OK
1663856160747,2022-09-22 17:16:00, 200,200: OK
1663856164800,2022-09-22 17:16:04, 200,200: OK
1663856168647,2022-09-22 17:16:08, 200,200: OK
1663856172510,2022-09-22 17:16:12, 200,200: OK
1663856176502,2022-09-22 17:16:16, 200,200: OK
1663856180346,2022-09-22 17:16:20, 200,200: OK
1663856184261,2022-09-22 17:16:24, 200,200: OK
1663856188262,2022-09-22 17:16:28, 200,200: OK
1663856192271,2022-09-22 17:16:32, 200,200: OK
1663856196317,2022-09-22 17:16:36, 200,200: OK
1663856200233,2022-09-22 17:16:40, 200,200: OK
1663856204188,2022-09-22 17:16:44, 200,200: OK
1663856208920,2022-09-22 17:16:48, 200,200: OK
1663856212981,2022-09-22 17:16:52, 200,200: OK
1663856216968,2022-09-22 17:16:56, 200,200: OK
1663856229407,2022-09-22 17:17:09, 200,200: OK
1663856233412,2022-09-22 17:17:13, 200,200: OK
1663856237906,2022-09-22 17:17:17, 200,200: OK
1663856242135,2022-09-22 17:17:22, 200,200: OK
1663856246361,2022-09-22 17:17:26, 200,200: OK
1663856250308,2022-09-22 17:17:30, 200,200: OK
1663856254296,2022-09-22 17:17:34, 200,200: OK
1663856258366,2022-09-22 17:17:38, 200,200: OK
1663856262454,2022-09-22 17:17:42, 200,200: OK
1663856266533,2022-09-22 17:17:46, 200,200: OK
1663856271412,2022-09-22 17:17:51, 200,200: OK
1663856275423,2022-09-22 17:17:55, 200,200: OK
1663856279855,2022-09-22 17:17:59, 200,200: OK
1663856283723,2022-09-22 17:18:03, 200,200: OK
1663856287824,2022-09-22 17:18:07, 200,200: OK
1663856292153,2022-09-22 17:18:12, 200,200: OK
1663856296601,2022-09-22 17:18:16, 200,200: OK
1663856300730,2022-09-22 17:18:20, 200,200: OK
1663856304688,2022-09-22 17:18:24, 200,200: OK
1663856308636,2022-09-22 17:18:28, 200,200: OK
1663856313519,2022-09-22 17:18:33, 200,200: OK
1663856318121,2022-09-22 17:18:38, 200,200: OK
1663856325000,2022-09-22 17:18:45, 200,200: OK
1663856329387,2022-09-22 17:18:49, 200,200: OK
1663856341923,2022-09-22 17:19:01, 200,200: OK
1663856346410,2022-09-22 17:19:06, 200,200: OK
1663856350306,2022-09-22 17:19:10, 200,200: OK
1663856354382,2022-09-22 17:19:14, 200,200: OK
1663856358410,2022-09-22 17:19:18, 200,200: OK
1663856362412,2022-09-22 17:19:22, 200,200: OK
1663856366268,2022-09-22 17:19:26, 200,200: OK
1663856370167,2022-09-22 17:19:30, 200,200: OK
1663856374052,2022-09-22 17:19:34, 200,200: OK
1663856377892,2022-09-22 17:19:37, 200,200: OK
1663856381770,2022-09-22 17:19:41, 200,200: OK
1663856385865,2022-09-22 17:19:45, 200,200: OK
1663856389819,2022-09-22 17:19:49, 200,200: OK
1663856393895,2022-09-22 17:19:53, 200,200: OK
1663856397998,2022-09-22 17:19:57, 200,200: OK
1663856402097,2022-09-22 17:20:02, 200,200: OK
1663856406128,2022-09-22 17:20:06, 200,200: OK
1663856410225,2022-09-22 17:20:10, 200,200: OK
1663856414186,2022-09-22 17:20:14, 200,200: OK
1663856418333,2022-09-22 17:20:18, 200,200: OK
1663856422318,2022-09-22 17:20:22, 200,200: OK
1663856426405,2022-09-22 17:20:26, 200,200: OK
1663856430497,2022-09-22 17:20:30, 200,200: OK
1663856434543,2022-09-22 17:20:34, 200,200: OK
1663856439881,2022-09-22 17:20:39, 200,200: OK
1663856450535,2022-09-22 17:20:50, 200,200: OK
1663856454443,2022-09-22 17:20:54, 200,200: OK
1663856458229,2022-09-22 17:20:58, 200,200: OK
1663856462263,2022-09-22 17:21:02, 200,200: OK
1663856466170,2022-09-22 17:21:06, 200,200: OK
1663856470207,2022-09-22 17:21:10, 200,200: OK
1663856474036,2022-09-22 17:21:14, 200,200: OK
1663856478093,2022-09-22 17:21:18, 200,200: OK
1663856482089,2022-09-22 17:21:22, 200,200: OK
1663856486074,2022-09-22 17:21:26, 200,200: OK
1663856490095,2022-09-22 17:21:30, 200,200: OK
1663856494128,2022-09-22 17:21:34, 200,200: OK
1663856498092,2022-09-22 17:21:38, 200,200: OK
1663856502303,2022-09-22 17:21:42, 200,200: OK
1663856506178,2022-09-22 17:21:46, 200,200: OK
1663856510299,2022-09-22 17:21:50, 200,200: OK
1663856519666,2022-09-22 17:21:59, 200,200: OK
1663856523491,2022-09-22 17:22:03, 200,200: OK
1663856527575,2022-09-22 17:22:07, 200,200: OK
1663856531499,2022-09-22 17:22:11, 200,200: OK
1663856535472,2022-09-22 17:22:15, 200,200: OK
1663856539423,2022-09-22 17:22:19, 200,200: OK
1663856596647,2022-09-22 17:23:16, 200,200: OK
1663856600622,2022-09-22 17:23:20, 200,200: OK
1663856604528,2022-09-22 17:23:24, 200,200: OK
1663856608367,2022-09-22 17:23:28, 200,200: OK
1663856612337,2022-09-22 17:23:32, 200,200: OK
1663856616330,2022-09-22 17:23:36, 200,200: OK
1663856620279,2022-09-22 17:23:40, 200,200: OK
1663856624254,2022-09-22 17:23:44, 200,200: OK
1663856695929,2022-09-22 17:24:55, 200,200: OK
1663856699707,2022-09-22 17:24:59, 200,200: OK
1663856703480,2022-09-22 17:25:03, 200,200: OK
1663856708710,2022-09-22 17:25:08, 200,200: OK
1663856712521,2022-09-22 17:25:12, 200,200: OK
1663856801780,2022-09-22 17:26:41, 200,200: OK
1663856805619,2022-09-22 17:26:45, 200,200: OK
1663856809334,2022-09-22 17:26:49, 200,200: OK
1663856813026,2022-09-22 17:26:53, 200,200: OK
1663856816743,2022-09-22 17:26:56, 200,200: OK
1663856820540,2022-09-22 17:27:00, 200,200: OK
1663856824324,2022-09-22 17:27:04, 200,200: OK
1663856828095,2022-09-22 17:27:08, 200,200: OK
1663856867291,2022-09-22 17:27:47, 200,200: OK
1663856871031,2022-09-22 17:27:51, 200,200: OK
1663856875146,2022-09-22 17:27:55, 200,200: OK
1663856880217,2022-09-22 17:28:00, 200,200: OK
1663856889791,2022-09-22 17:28:09, 200,200: OK
1663856893711,2022-09-22 17:28:13, 200,200: OK
1663856897447,2022-09-22 17:28:17, 200,200: OK
1663856901964,2022-09-22 17:28:21, 200,200: OK
1663856905683,2022-09-22 17:28:25, 200,200: OK
1663856910859,2022-09-22 17:28:30, 200,200: OK
1663856915277,2022-09-22 17:28:35, 200,200: OK
1663856919170,2022-09-22 17:28:39, 200,200: OK
1663856923107,2022-09-22 17:28:43, 200,200: OK
1663856927206,2022-09-22 17:28:47, 200,200: OK
1663856931261,2022-09-22 17:28:51, 200,200: OK
1663856935274,2022-09-22 17:28:55, 200,200: OK
1663856939354,2022-09-22 17:28:59, 200,200: OK
1663856943228,2022-09-22 17:29:03, 200,200: OK
1663856946396,2022-09-22 17:29:06, 200,200: OK
1663856947219,2022-09-22 17:29:07, 200,200: OK
1663856950755,2022-09-22 17:29:10, 200,200: OK
1663856952971,2022-09-22 17:29:12, 200,200: OK
1663856956367,2022-09-22 17:29:16, 200,200: OK
1663856956989,2022-09-22 17:29:16, 200,200: OK
1663856960374,2022-09-22 17:29:20, 200,200: OK
1663856962731,2022-09-22 17:29:22, 200,200: OK
1663856966111,2022-09-22 17:29:26, 200,200: OK
1663856968557,2022-09-22 17:29:28, 200,200: OK
1663856970019,2022-09-22 17:29:30, 200,200: OK
1663856972568,2022-09-22 17:29:32, 200,200: OK
1663856973853,2022-09-22 17:29:33, 200,200: OK
1663856976839,2022-09-22 17:29:36, 200,200: OK
1663856978503,2022-09-22 17:29:38, 200,200: OK
1663856981090,2022-09-22 17:29:41, 200,200: OK
1663856982388,2022-09-22 17:29:42, 200,200: OK
1663856985092,2022-09-22 17:29:45, 200,200: OK
1663856986331,2022-09-22 17:29:46, 200,200: OK
1663856989052,2022-09-22 17:29:49, 200,200: OK
1663856992872,2022-09-22 17:29:52, 200,200: OK
1663857002456,2022-09-22 17:30:02, 200,200: OK
1663857006858,2022-09-22 17:30:06, 200,200: OK
1663857011065,2022-09-22 17:30:11, 200,200: OK
1663857015327,2022-09-22 17:30:15, 200,200: OK
